csf	white_matter	global_signal	std_dvars	dvars	framewise_displacement	t_comp_cor_00	t_comp_cor_01	t_comp_cor_02	t_comp_cor_03	t_comp_cor_04	t_comp_cor_05	a_comp_cor_00	a_comp_cor_01	a_comp_cor_02	a_comp_cor_03	a_comp_cor_04	a_comp_cor_05	cosine00	cosine01	cosine02	cosine03	trans_x	trans_y	trans_z	rot_x	rot_y	rot_z
818.550140995078	875.0699425992128	1262.020140216958	0.0	0.0	0.0	-0.0206791969	-0.0338565515	0.0955235227	-0.0221312746	0.0718534421	-0.0483752008	-0.044281437	-0.2582679344	0.12525490949999998	-0.0002068013	0.1088155153	-0.1459416278	0.1091041759	0.1090898686	0.1090660245	0.1090326458	0.013422000000000005	-0.23581100000000002	0.0332431	-0.00090001	-9.97686e-24	0.00015212
815.6435442911072	873.8862438606177	1260.8296975104906	1.3201450000000001	37.24065	0.12427100000000002	-0.0070432979	-0.045004459800000014	-0.0322649632	-0.0004388482	0.1146324147	-0.1113066907	-0.0291366407	-0.2694492316	0.1449186326	-0.0374567035	0.1300962964	-0.1234052055	0.1090660245	0.1089372966	0.1087228625	0.108422891	0.030943099999999998	-0.23865100000000003	0.08804779999999998	-0.0017469999999999999	-0.000132977	0.000154257
820.769909474694	872.9970926176197	1262.6786533572956	1.29964	36.662231	0.05254630000000001	-0.0050265662	-0.08915152679999999	-0.0528587202	-0.0833133233	0.0500099883	-0.0004110584	-0.0162785697	-0.2663620239	0.1245849519	-0.0293335888	0.1695942341	-0.08529105210000001	0.1089897352	0.1086323659	0.1080376181	0.1072067914	0.012758499999999999	-0.23028400000000002	0.0974285	-0.0016436999999999995	-0.0	0.00025026
816.8157666223378	872.9131695661847	1261.5923963121782	1.540568	43.458698	0.100117015	0.053506926	-0.0814386214	0.0292163277	-0.0020265809	0.0543925491	-0.031603219700000004	-0.0134797161	-0.2773905561	0.1147608095	-0.0244313982	0.1616474403	-0.084730214	0.1088753345	0.108175503	0.1070124473	0.105391148	0.0100141	-0.213517	0.14318599999999998	-0.00145462	9.29413e-05	0.000665201
818.2875889267565	872.0198392667554	1249.9837035123255	2.743071	77.38072199999999	0.272004035	0.0250153336	-0.0616910259	0.023855735	-0.1595306834	0.0384101026	-0.0281363075	-0.0047315261	-0.2578487054	0.0943385958	-0.006717224599999999	0.2771853798	-0.0351497999	0.1087228625	0.1075673469	0.1056505759	0.1029861145	0.0594442	-0.25945100000000004	0.0839821	-0.000377814	0.00036863699999999995	0.00166142
810.5342610756328	856.2469405504937	1230.5139945370386	5.855090000000001	165.169266	2.64024535	0.3377043188	0.0469237709	-0.2141639674	0.2567601466	-0.6101929666	-0.1961266609	0.2228912877	-0.3572020937	-0.7333736555	0.0601335625	-0.2543524004	-0.0425158971	0.1085323724	0.1068087481	0.1039562886	0.1000051409	0.317389	-0.16717	1.67147	-0.0109398	-0.00268589	0.0012273
788.485211586422	844.6057609540825	1218.5290630445138	6.327509	178.496002	3.38291	0.1992038343	0.1172118791	-0.097227501	0.1086758514	-0.08806077779999999	-0.4131887087	0.3520774725	-0.0409077003	-0.065892601	0.1130989405	-0.1871429979	-0.0807470337	0.108303931	0.1059007676	0.1019349164	0.0964648979	0.152504	0.059554499999999996	1.77961	0.0235813	-0.0188958	-0.0057049
774.9160282024568	843.316712001984	1214.8340340338425	6.054209999999999	170.78636200000003	5.268777500000001	0.1845907063	0.2454320333	-0.0253897141	-0.1328971176	0.0390313973	-0.0247232538	0.3694945477	0.3428976778	-0.0056877942	-0.1121934477	0.2416690661	0.1692891097	0.1080376181	0.1048446753	0.0995928192	0.0923851842	1.16893	-0.154585	0.492338	0.0104549	-0.0120821	0.0293738
792.8749446256387	857.4986059432387	1230.9456622836162	5.265085	148.525528	6.1898184999999994	0.041375083	0.5786001950999999	-0.0233732327	-0.159933958	-0.035269511	0.4617240192	0.1827307874	0.4552631774	-0.1929991428	-0.1176678724	0.1132722	-0.2309977023	0.1077335267	0.1036419483	0.0969373661	0.087788815	-0.14510999999999996	-0.315866	-0.579834	-0.0154649	0.00851082	0.00304001
806.4453481501837	865.2388643091008	1238.399767308475	5.135859	144.88011200000003	3.022558	0.1068734741	0.1951183718	-0.0426430893	-0.072397136	-0.0483638361	0.3259476145	0.0821216358	0.1564048338	-0.0608580323	-0.1797035552	0.157724182	0.0233701625	0.1073917633	0.1022942687	0.0939769123	0.0827014951	-0.5137430000000001	-0.128404	-2.02389	-0.00724945	0.0103902	-0.007313299999999999
833.5466670132479	870.7016508939006	1249.3261371287958	4.347366	122.637123	3.7811034	-0.1097834005	0.045090456900000006	0.0896540856	0.1257352275	0.096316014	0.08614382429999999	-0.0206719801	0.1012633894	0.0878776514	-0.1063729057	0.03410868	-0.1447873713	0.1070124473	0.1008035212	0.0907207723	0.077151675	0.00645895	-0.29875799999999997	-0.0561701	-0.00226756	-0.0007537209999999997	-0.00098256
789.551392609112	869.7228778861518	1248.6585449737545	2.998338	84.58168	0.654541155	-0.0058941223	0.1616575932	0.0868624501	0.2442403248	0.1323905402	-0.0045218242	0.0205859526	0.1405579427	0.0560318025	0.0294015896	-0.0903706637	-0.13336929949999998	0.1065957114	0.0991717909	0.08717919119999999	0.07117039139999999	-0.010321299999999999	-0.00615107	-0.06920599999999999	-0.00677381	-3.34395e-05	-0.00239839
814.0070030084642	873.3877204197264	1256.845235913979	2.528124	71.31716899999999	0.686855295	-0.0356596146	-0.0239364619	0.1016235621	0.1084356605	-0.0186426265	0.06933854099999999	-0.0390271146	0.0649705958	0.0662935747	0.0154040179	-0.1149140663	-0.0065669397	0.1061417014	0.0974013599	0.0833633121	0.06479109400000001	0.014327600000000001	-0.100839	-0.00317301	3.4094e-05	-0.00010530700000000004	0.000751548
828.6533486803344	874.0046251319037	1260.9281314874202	1.8051669999999997	50.922894	0.23123815	-0.1663922199	-0.0260455511	0.0194809941	0.0684175761	-0.1064070068	-0.0092687114	-0.0597653703	0.08595059640000001	0.0637998014	-0.0114172937	-0.1194920581	-0.0942994614	0.1056505759	0.0954947043	0.0792851412	0.05804945860000001	-0.00519161	-0.08681229999999998	-0.160781	0.000348601	-0.00046596699999999997	0.00062503
826.0820687919684	876.3078171057332	1260.0176565350087	2.029529	57.252041000000006	0.5028975099999999	-0.0116649668	-0.1456854069	-0.0866026476	0.1377525301	0.0822671915	0.1445951852	-0.0848489805	0.052704180700000006	0.0281430332	-0.0052771118	-0.048478564	0.1287848617	0.1051225066	0.0934544907	0.0749575099	0.0509831871	0.0172923	-0.0733558	0.137309	-0.00152671	-0.000997667	-0.000345301
825.0691302672905	876.8522721759517	1265.889988145779	1.509412	42.579796	0.1727224	0.0460525557	-0.17606628870000002	0.0428839408	0.0824453691	-0.0268417197	0.052464259400000005	-0.0898390283	0.032448156	-0.0034559287	0.0454152635	-0.05924344240000001	0.12752307429999998	0.1045576784	0.0912835726	0.07039403450000001	0.043631796900000006	-0.0180752	-0.016658900000000004	0.15776599999999996	-0.00206747	-0.00100883	-0.000997398
821.9897172885228	874.6292800941907	1263.2433896885832	1.374787	38.782082	0.11077524	0.0179188682	-0.1233487697	0.0956049005	-0.018469344	0.026129037	0.0342828815	-0.0646954166	0.017875116200000003	0.0291531941	0.0848334685	-0.0870551884	0.1386433138	0.1039562886	0.0889849861	0.06560907349999999	0.0360364	0.00394284	0.0162603	0.187427	-0.00238528	-0.00121456	-0.000997398
815.0553256099457	869.3869197404573	1255.6570561204594	1.314892	37.092464	0.11939451000000002	0.0289254603	-0.0642850375	0.0980361866	-0.1265110633	0.0507663935	-0.0500181768	0.0009906896	0.0371668141	0.0692925252	0.1010017941	-0.071437067	0.1727194113	0.1033185475	0.0865619461	0.0606176821	0.028239473	0.0105755	-0.0462027	0.187641	-0.00205855	-0.00162541	-0.000733281
811.3454327172195	871.0265155443394	1250.14302133997	1.3217390000000002	37.285629	0.2112624	-0.0216655171	-0.045584253	0.0480239714	-0.1212452332	0.0788302263	-0.0385521855	-0.0202769999	0.0322720869	0.1067423309	0.0937135424	-0.0571281378	0.142501305	0.1026446782	0.0840178413	0.055435565	0.0202846193	-0.016274	0.08506369999999999	0.181029	-0.00283646	-0.00155189	-0.0008125409999999997
819.0091356966896	871.0757904188125	1256.325595032308	1.377499	38.858585	0.2187657	-0.0389897893	-0.0635995578	-0.0569831455	-0.1424300423	0.049318967000000005	-0.0008769409	-0.0257484879	0.0234895378	0.06746016889999999	0.0935436427	-0.0245291111	0.1577879674	0.1019349164	0.08135623	0.0500790271	0.0122163259	-0.0162846	-0.080234	0.21876500000000002	-0.00270689	-0.00155189	-0.000997399
821.1498168823837	870.2835173021882	1256.5209320311565	1.517836	42.817413	0.5451472399999999	-0.13687175070000002	-0.0115364943	0.0410488413	-0.083203656	0.0048746436	-0.0781092071	-0.0253936167	0.033415367200000004	0.0854771401	0.1120366478	-0.1026673642	0.014234899	0.10118951	0.07858083469999999	0.044564922	0.0040797138	-0.00205235	-0.00689709	-0.014124600000000001	-0.00050696	-8.636139999999997e-05	-0.000169088
818.7636655964802	874.1462191620973	1242.7306420219286	1.838048	51.850456	0.325738075	-0.0111746433	-0.06456165030000001	-0.006917531	-0.1145614051	-0.016922011299999998	-0.0466197172	-0.06755210099999999	0.091085088	-0.067493417	0.14159613640000002	-0.0438266661	0.14715531980000002	0.10040872	0.07569553700000001	0.0389105992	-0.0040797138	0.0830811	0.0695823	0.054317599999999994	-0.0008720979999999998	-0.00155484	-8.904389999999999e-05
852.9017570249234	893.1622936179657	1265.6793156020515	2.0090689999999998	56.674866	0.31692115	-0.2152275701	-0.1246301731	0.0124048339	-0.0489121363	-0.0848747358	0.0591724133	-0.3217318247	0.1313331585	-0.1273216155	-0.0369917194	0.0310819569	0.0213385866	0.0995928192	0.07270437219999999	0.033133849300000004	-0.0122163259	-0.0204142	0.0660624	0.0936931	0.000251501	0.0007321699999999998	-8.904389999999999e-05
862.6900575188133	895.508415898776	1288.082161992271	1.6562150000000002	46.721027	0.491293205	-0.2082474675	-0.2119986766	-0.0562528268	-0.0011456662	-0.1289128641	0.0925313246	-0.35436979049999995	0.0801074345	-0.1633569632	-0.024233474900000003	0.037575492200000005	0.0109568941	0.0987420929	0.0696115238	0.027252848	-0.0202846193	-0.06506670000000002	-0.106334	-0.010214	-0.00025981	-0.00172889	-0.000523417
851.6196111196724	891.1460508553122	1274.7715424887986	1.26184	35.595890000000004	0.27820370000000005	-0.2051405694	-0.1331807924	-0.0648283961	-0.0249357755	-0.0737284359	0.0287788525	-0.2969470012	0.071848564	-0.1339074767	0.0215270912	-0.0003977478	0.0143995801	0.0978568387	0.0664213173	0.0212860992	-0.028239473	-0.043416199999999995	0.053946	0.015863299999999997	-0.000936475	-0.00160235	-0.00112413
852.7526780304898	891.8671660383301	1272.2583341305467	1.159208	32.700703000000004	0.15172034	-0.2177189896	-0.1015840213	-0.0581017321	-0.0245871803	-0.0556608728	0.0378934863	-0.3117023418	0.075551584	-0.1225966861	-0.08546615380000001	0.0424500835	-0.0366296086	0.0969373661	0.0631382147	0.0152523765	-0.0360364	-0.0238148	0.00757076	0.0105586	-0.00138542	-0.0005671259999999999	-0.000999519
850.5183787857914	889.4800130216437	1280.206761133202	1.500297	42.322655	0.14221973	-0.1848261768	-0.1022844895	-0.0584922089	0.0843843489	0.0240983978	-0.0316961522	-0.2853250165	0.0229858696	-0.1137044405	-0.0238027206	-0.0109808719	-0.0372628632	0.0959839967	0.0597668075	0.0091706641	-0.043631796900000006	-0.058326300000000005	0.00744228	0.047210400000000007	-0.00199832	0.00011392200000000001	-0.00112413
823.0895076380826	866.9890911341593	1262.9579780828838	1.503803	42.421562	0.22657105	0.0413916186	-0.1140700583	0.036143671	0.0390224082	0.0849221469	0.0343126141	-0.0007404036	-0.0257083797	-0.0014582692000000002	0.0201746639	-0.0518967707	0.1033633131	0.0949970637	0.05631181110000001	0.0030600974	-0.0509831871	-0.0533476	0.00719653	0.162965	-0.00254636	-0.00044458800000000005	-0.00212942
809.5117832700612	863.1117625767388	1246.9792569766305	1.7722069999999999	49.993111	0.52207562	-0.0240415188	-0.0127849946	0.0554123822	-0.0363630277	-0.0191277041	-0.0156883662	0.0519829316	0.0202550333	0.0787011958	0.054118274800000005	-0.08606882939999999	0.0171147456	0.0939769123	0.0527780575	-0.0030600974	-0.05804945860000001	0.011961399999999999	0.138561	0.0967148	-0.000876378	0.0007406569999999999	0.000198392
809.3954262275308	861.663567557433	1245.6998150258128	1.023449	28.871014000000002	0.20709882	-0.0497615283	0.0178931315	-0.0634224111	-0.0552965116	-0.0217425638	-0.0394495215	0.06169313570000001	0.0192385952	0.0556571684	0.008411249	-0.0648816019	0.0071525518	0.0929238992	0.049170489000000005	-0.0091706641	-0.06479109400000001	0.00355058	-0.007748599999999999	0.0965158	-0.00045378599999999997	0.00131107	0.000248975
804.3655630715907	860.9612961197807	1240.7433201303572	0.8462799999999999	23.873155999999998	0.05479323999999999	-0.0240618025	0.0382573279	-0.057607405999999986	-0.0120035537	0.0339934168	-0.1062729727	0.07032846870000001	-0.0083745441	0.0676181741	-0.012588761100000002	-0.0631935213	0.0142187617	0.0918383927	0.0454941512	-0.0152523765	-0.07117039139999999	0.0160561	0.00353302	0.101202	-0.0007694160000000001	0.00114764	0.000296313
804.594727656784	861.1618908285069	1241.5601619290153	0.7804800000000001	22.016977	0.09106071	-0.008044331600000001	0.054397070599999986	-0.0503745008	0.05731112190000001	0.1134956583	-0.0670810935	0.0663290004	0.0032806181	0.0865979854	0.0226779584	-0.0549276262	0.0040082567	0.0907207723	0.0417541856	-0.0212860992	-0.077151675	0.0268444	-0.00586524	0.14336600000000002	-0.000664387	0.000780946	0.00039879300000000004
801.3735565270593	861.0523615585718	1238.0090180627662	0.702443	19.815594	0.08894391000000001	-0.0137978691	0.0805313159	-0.0717644401	0.026077686	0.1262533963	-0.1324178579	0.06574561059999999	0.0149204931	0.0977909582	0.0434198852	-0.0496539436	-0.0045746187	0.0895714288	0.0379558231	-0.027252848	-0.0827014951	0.008092979999999998	0.04297	0.138348	-0.0008973189999999999	0.000839102	0.00043449
804.0008519602087	861.4730405755652	1239.186486643791	0.820226	23.138192999999998	0.082381655	-0.0164857148	0.0882567376	-0.0193655261	0.0784478872	0.134664327	-0.0843762141	0.0577978412	0.011047606	0.0922096601	0.0021930891	-0.0437912706	-0.0363715841	0.0883907642	0.0341043759	-0.033133849300000004	-0.087788815	-0.00702467	0.0497806	0.138344	6.179510000000001e-05	0.00061945	0.00040426800000000005
800.4971628254077	859.9811934122583	1237.8005906460926	0.78603	22.173534	0.069004875	0.0403016389	0.0513164379	-0.0323943919	0.0725416918	0.1329891876	-0.0522059648	0.0760782046	0.0035974189	0.0676540808	-0.0012095457	-0.0418145801	0.0090781943	0.08717919119999999	0.0302052306	-0.0389105992	-0.0923851842	0.00788578	0.024665799999999998	0.13836400000000001	-3.16884e-05	0.000987823	0.0005216040000000001
806.8839332275572	860.4225017714557	1241.7297517943925	0.8651149999999999	24.404491	0.053393450000000016	0.0632771246	-0.0151360779	0.1009788215	0.054759564800000014	0.07375457440000001	0.0132051506	0.0649248668	-0.0137248037	0.0432562007	-0.0618860405	-0.0378971219	0.0222547138	0.08593713359999999	0.0262638406	-0.044564922	-0.0964648979	0.0161238	0.0290112	0.14269600000000002	-0.00051193	0.0007467399999999998	0.00052984
804.9510087059807	861.4355430419454	1243.2110896344275	0.8026409999999999	22.642129999999998	0.04853842	0.0673678351	-0.0137416095	0.1027609093	0.0332793266	-0.0016969383	0.010467805	0.053643687	-0.0081385947	0.029825109	-0.0220691521	-0.0326308966	0.0073137541	0.0846650256	0.0222857183	-0.0500790271	-0.1000051409	0.0061956	0.00779033	0.138346	-0.00043528699999999997	0.000859748	0.000600976
804.9421349563122	863.1184110756076	1243.2194695266915	0.790702	22.305311	0.17160406999999994	0.0442101159	-0.005785830400000001	0.0620513624	-0.0375539786	-0.0206996729	0.0005981201	0.0315949808	-0.0011950419	0.0309603214	0.0103447691	-0.0047584086	0.0178637252	0.0833633121	0.0182764273	-0.055435565	-0.1029861145	0.0095163	0.112692	0.159389	-0.00100694	0.000984398	0.000450505
803.4607733709997	860.2116493787606	1242.02252949641	0.913048	25.756659	0.14229759	0.0617649229	-0.003125505	0.0215169786	-0.0597962647	0.0251225875	0.016815568899999998	0.0603586633	-0.0119873288	0.0269927029	-0.0264203018	-0.011400571399999998	0.0372928011	0.0820324483	0.0142415751	-0.0606176821	-0.105391148	-0.00156749	0.0178834	0.154826	-0.000658142	0.00087632	0.000630473
803.7514995945191	861.2218792840143	1242.6946255870155	0.8870610000000001	25.023577	0.07677454	0.0534036817	0.006877673199999999	0.0603637986	-0.07360021110000001	-0.0133135348	-0.0189159993	0.0488179827	-0.0062094625	0.0340074633	-0.0020110965	-0.0096695006	0.0125877231	0.0806728995	0.0101868048	-0.06560907349999999	-0.1072067914	-0.00862703	0.0456224	0.138243	-0.000704933	0.00133603	0.0006318319999999999
802.0497362518114	861.8678094426814	1244.241927202659	0.8714199999999999	24.582335999999998	0.14105188	0.0516217516	-0.0056236201	-0.0589761604	0.0346682004	0.0653288099	0.0127625664	0.0396002637	-0.0126047629	0.0387466289	-0.0021290144	0.0014120226000000002	0.0241404914	0.0792851412	0.0061177874	-0.07039403450000001	-0.108422891	0.011341200000000001	0.07612199999999998	0.164434	-0.00124019	0.00192383	0.0007966360000000001
804.7084225744137	862.5143854555246	1248.5950342833428	0.9651069999999999	27.225206	0.33122788000000003	0.0632525006	-0.0172770072	-0.0187300162	0.10087432	0.0573341079	0.0390279071	0.030367734700000006	-0.0138197834	0.0002427208	-0.0209653264	-0.0039672199	0.0235299557	0.0778696586	0.0020402136	-0.0749575099	-0.1090326458	-0.00870123	0.037285900000000004	0.109274	-0.000411742	-0.000617741	-0.000177132
800.6060881025908	861.512627637401	1246.4275672825065	0.8654639999999999	24.414335	0.09860681	0.0603595799	5.3524e-05	0.0289256156	0.0902646555	0.0327491275	0.0120413002	0.0404362759	-0.0227698414	0.0126750966	-0.0246728416	-0.0285841687	0.0017948748000000004	0.0764269467	-0.0020402136	-0.0792851412	-0.1090326458	0.00593433	0.029985	0.0622658	-0.000149917	-0.00036050599999999997	-0.000251315
803.3073684236027	861.4562483669937	1245.9310261724238	0.87072	24.562593	0.035704745	0.0556318781	0.0060647835	0.0903060049	-0.0045885007	-0.0245307007	-0.0114700922	0.0344914529	-0.0276157284	0.0101353116	0.0120166494	-0.0078030279	-0.0166867859	0.0749575099	-0.0061177874	-0.0833633121	-0.108422891	0.014026400000000001	0.0291509	0.06685720000000002	8.879850000000001e-05	-0.000565533	-0.00025131599999999996
804.0884802381868	862.4540550772183	1244.545355918762	0.740271	20.882687	0.132250725	0.0247642339	0.0242537277	0.08774336960000001	-0.0389161502	-0.0437067031	-0.0386544897	0.0251312544	-0.029279812	0.0040979037	0.005325055899999999	0.0042225495000000005	-0.0241436323	0.0734618621	-0.0101868048	-0.08717919119999999	-0.1072067914	-0.0159001	0.0719832	0.0923932	-0.000339361	-0.00031457400000000003	-0.00025131599999999996
802.8370596911635	860.9810136678543	1243.2590800802946	0.8577229999999999	24.195957	0.032449330000000005	0.0298841131	0.016354099599999998	0.0227510178	-0.0874937945	-0.0026617272	-0.0049262426	0.036577852	-0.0319685181	0.0080691961	-0.0022974651000000003	0.0100327452	0.0138330332	0.0719405264	-0.0142415751	-0.0907207723	-0.105391148	-0.0161864	0.07196	0.09841289999999998	-0.000643938	-9.67484e-05	-0.00025131599999999996
804.1753320630687	861.1334732447708	1243.1812818445912	0.8102159999999999	22.855795	0.030586765	0.0120134253	0.0325539459	0.0282310124	-0.0872422237	-0.0352113916	-0.0384266287	0.0306120096	-0.0219450222	0.0044809219	0.0027858605	0.0024808783	-0.0048344733	0.07039403450000001	-0.0182764273	-0.0939769123	-0.1029861145	0.00340003	0.065423	0.100825	-0.000657665	-6.94507e-05	-0.00025131599999999996
803.7953137335084	860.9645253906599	1242.7967850246202	0.904537	25.516569	0.075167165	-0.0083687267	0.0246051048	-0.0419308292	-0.08274244809999999	-0.042056138	-0.04590008	0.0300722339	-0.0357985599	0.024175188700000003	0.0010379965	0.009849126	-0.0085402137	0.0688229275	-0.0222857183	-0.0969373661	-0.1000051409	-0.011448	0.0922334	0.10921800000000001	-0.00048347699999999995	0.000258676	-0.00025131599999999996
804.9617681274541	862.2193060800176	1244.320736498017	0.7978579999999998	22.507198000000002	0.12242348	0.0073431913	0.0025420918	-0.08661974759999999	0.059596699800000014	0.0550563917	0.0468269183	0.0155029448	-0.0353495356	0.0196976612	0.0021752607000000003	0.016100225	-0.0102114968	0.0672277545	-0.0262638406	-0.0995928192	-0.0964648979	0.00735034	0.101624	0.153218	-0.0008804009999999998	0.00068591	-7.07832e-05
801.9515703961017	860.0760959846823	1247.9953390937496	0.9232239999999999	26.043716	0.12912987	0.0664417961	-0.0338151737	0.0038509456	0.08832685359999999	0.0352722092	0.0510112656	0.0401348911	-0.0465186355	-0.0146549869	-0.0254416901	0.0006812549	0.015768981	0.06560907349999999	-0.0302052306	-0.1019349164	-0.0923851842	0.011393700000000001	0.0660935	0.09286900000000001	-0.000603631	0.0007903559999999997	0.000132141
803.3946639359683	861.1805446167616	1249.0564003681031	0.9030379999999999	25.474281	0.1091019	0.0751422922	-0.0454271285	0.1016719879	0.0313385232	-0.0472526944	0.0509212459	0.025895099700000004	-0.0555423118	-0.0013685564	-0.045392801	-0.0197796023	0.0077994175	0.0639674504	-0.0341043759	-0.1039562886	-0.087788815	0.039101199999999996	0.05299159999999999	0.0605866	-0.000578798	0.000258677	0.000295831
804.2974570428837	862.7619375619754	1248.49929692154	0.851447	24.018919	0.06300929999999999	0.0365651514	-0.0021227809	0.0485077097	-0.0406942732	-0.0983687633	-0.0087962492	0.0024786283	-0.038036761	-0.0139225044	-0.0400823044	-0.0053142165	-0.0262843527	0.0623034593	-0.0379558231	-0.1056505759	-0.0827014951	0.023017199999999998	0.053000900000000004	0.0451974	-0.000465405	0.000658625	0.000413026
805.6260792120244	863.5104065689101	1247.0389915849773	0.909294	25.650736	0.06341625000000001	-0.0205313347	0.0075393578	-0.1030971156	-0.029635699900000007	-0.0737928225	-1.9546e-05	-0.0088360617	-0.033213633199999995	-0.0100116146	-0.031501302	0.0010750853	-0.026520473	0.0606176821	-0.0417541856	-0.1070124473	-0.077151675	0.0440504	0.0530362	0.05819680000000001	-0.00047128	0.000139126	0.000351433
805.6800981631324	863.5146236167641	1245.336661278383	0.9202020000000001	25.958445	0.11623601	-0.019429595900000003	0.0329435008	-0.14479349689999998	0.0574603423	0.0271268142	0.0047145998	-0.0121106516	-0.0214931017	-0.0040386738	-0.0324426836	0.0050380463	-0.0082598112	0.0589107081	-0.0454941512	-0.1080376181	-0.07117039139999999	0.0250862	0.08007649999999998	0.095231	-0.0005250119999999999	3.88628e-05	0.0008613839999999998
800.7099109737143	860.7599795740344	1245.1886169711067	0.958625	27.042348999999998	0.06762702	0.0493408409	0.012738791200000002	0.0365930781	-0.0060897855	0.0241188839	-0.0193220962	0.017032417	-0.032333646	-0.0113481051	-0.0743586757	-0.0002944549	0.0417249105	0.0571831344	-0.049170489000000005	-0.1087228625	-0.06479109400000001	0.00734487	0.0651655	0.10288299999999999	-0.000784741	-0.00012214	0.000735662
801.0946989437215	861.3369553015773	1244.9980000748394	0.8801	24.827204000000002	0.04723934	0.0206770507	0.038048854	0.095069913	-0.0345091429	-0.011887563500000002	-0.0374140575	0.0097454615	-0.0088860203	0.0046159028	-0.0492657877	0.0076228318	0.0017404557	0.055435565	-0.0527780575	-0.1090660245	-0.05804945860000001	0.00514883	0.0491367	0.08743279999999999	-0.000784741	-0.000267704	0.0008613839999999998
801.1318577704593	861.5691208820745	1243.184666636993	0.8257919999999999	23.295204000000002	0.10146912	0.011718215	0.0475218707	0.0983622632	-0.0694941306	-0.0117497426	-0.0601746763	0.005945333299999999	-0.0126415198	0.0093753088	-0.0309013923	0.0191292377	0.0149641946	0.0536686109	-0.05631181110000001	-0.1090660245	-0.0509831871	0.00557475	0.100825	0.114167	-0.00102445	-0.00014807200000000001	0.000768311
803.6238285211614	860.8343287870982	1243.711406826575	0.8689719999999999	24.513277	0.02097191999999997	0.0161657914	-0.0001066857	-0.0235651751	-0.1037504244	-0.0383190323	0.007509429499999999	0.0124338303	-0.011362026599999998	-0.0119267681	-0.0377905071	0.01457832	0.061198169	0.0518828902	-0.0597668075	-0.1087228625	-0.043631796900000006	0.00564372	0.09837639999999999	0.12347000000000001	-0.0011241	-0.00019805	0.0008017099999999999
802.9437665309292	860.1499133178363	1242.8965378939815	0.875442	24.695787	0.10161388	0.0125470842	0.0125911061	0.0183406902	-0.08548989650000001	-0.0418113005	-0.023447126	0.013704366200000002	0.0051583722	0.005793318	-0.0572073431	-0.0054264328	0.0354018765	0.0500790271	-0.0631382147	-0.1080376181	-0.0360364	0.030586000000000002	0.07691549999999997	0.114147	-0.00133195	-0.000634624	0.00107504
804.2936856992744	860.7725167433299	1240.8669006248062	1.173198	33.095348	0.1240211	-0.0167662369	0.0092541018	-0.07860718480000001	-0.0872844592	-0.0174537461	0.000160937	0.006154710999999999	0.0073969704	0.0086755836	-0.0346487153	0.0124646604	0.0527702006	0.0482576524	-0.0664213173	-0.1070124473	-0.028239473	0.011735700000000005	0.114532	0.150008	-0.00170241	-0.0007918499999999998	0.00118122
804.8883378489459	861.3241142009049	1243.4480237344	1.496163	42.206032	0.23296799999999998	0.0383013792	-0.017458765	0.0008241898	0.0702270168	0.0752927442	0.1128975789	0.0002755481	0.0179589158	-0.0037151544	-0.0481862584	0.0172247948	0.0594030542	0.0464194031	-0.0696115238	-0.1056505759	-0.0202846193	-0.04072340000000001	0.143014	0.213668	-0.00210538	-0.00109798	0.000122982
812.8606254731437	862.4952377787828	1252.4237680664633	1.9392169999999997	54.704395	0.65699345	-0.0060276655	-0.0824655872	0.07482394349999999	0.0535255186	-0.1066010692	0.1244229028	-0.0106205627	-0.0080139216	-0.038078785	-0.008526909499999999	-0.0231430657	-0.0125518164	0.044564922	-0.07270437219999999	-0.1039562886	-0.0122163259	-0.0509972	0.0350312	-0.0207529	0.000838627	0.00041927	-0.00150208
812.6957955730483	865.5498620904707	1250.5012689170067	1.680323	47.401115000000004	0.47614105	-0.0373171254	-0.0420863907	-0.0933375493	0.0832050579	-0.103952366	0.1115637168	-0.0429319913	-0.0169536197	-0.1096984702	0.0978061224	0.009351536	-0.0226006232	0.0426948575	-0.07569553700000001	-0.1019349164	-0.0040797138	0.104849	0.0794196	-0.07392	-0.00219118	0.00101019	-0.00233614
809.0431383656849	864.5742803621788	1247.8000472437086	1.886123	53.206635	0.7015221760000001	-0.0713744117	0.0031452122	-0.1103414196	0.0378296762	-0.0710474777	0.0375709203	-0.0368155626	0.015986790900000002	-0.0247633108	0.0515901938	0.0351058266	-0.0956165613	0.0408098635	-0.07858083469999999	-0.0995928192	0.0040797138	-0.104277	0.175148	0.00012187600000000001	0.000934829	0.0008559089999999999	0.000836088
803.4137424977557	863.1253635058532	1243.1895522852008	1.361098	38.395916	0.272973194	-0.018716654	0.0117404058	-0.0225430311	0.0499144876	-0.016793051200000002	-0.016796636	-0.0227058702	-0.0171217761	-0.0217770874	0.022951869	0.0375579394	-0.0560511709	0.0389105992	-0.08135623	-0.0969373661	0.0122163259	0.0475379	0.107296	0.00881437	0.000930906	0.0014812999999999998	0.00109905
804.1190946745436	862.8095788052979	1242.880385566134	1.295367	36.541672	0.114609961	0.0064623428000000005	0.0067161958	0.0993034797	0.0005205672000000001	-0.0607086788	-0.0189716235	-0.0229524893	0.0028052098	-0.020544558	0.029483238	0.0230327643	-0.0452498162	0.0369977288	-0.0840178413	-0.0939769123	0.0202846193	0.000519169	0.114623	0.0366239	0.00107547	0.00139074	0.00151302
808.0702426363868	863.5435350889876	1241.2449698963926	1.242572	35.052372	0.119179681	-0.0654912769	0.0140892379	-0.0605932128	-0.110029676	-0.043857605	0.0050496635	-0.032297267000000004	0.0079599159	-0.0171821292	0.0155317099	0.0405960536	-0.0182509069	0.035071921	-0.0865619461	-0.0907207723	0.028239473	0.013654300000000001	0.138074	0.0915864	0.0007369889999999999	0.00146476	0.00165314
804.5553503926293	863.6235070325232	1242.4950733313406	1.423394	40.153267	0.231237205	-0.0012152211	-0.0138131935	-0.1179156442	0.0604305334	0.044705154800000015	0.0189164587	-0.0291192611	-0.0050147464	-0.0212513939	0.073294896	0.0436018818	0.0174972885	0.033133849300000004	-0.0889849861	-0.08717919119999999	0.0360364	0.0130964	0.165803	0.07835749999999997	0.000204512	-3.44631e-05	-0.000109588
808.5557476651335	861.0892132380158	1242.0278638963996	1.9607119999999998	55.310753000000005	0.17835945500000006	0.000586159	-0.0320529089	-0.13693950789999998	-0.0170217101	-0.0061373999	-0.0488387234	-0.0092682686	-0.0077117836	-0.0417209156	0.0171861206	0.0357698433	0.0257163487	0.0311841915	-0.0912835726	-0.0833633121	0.043631796900000006	0.0260954	0.12798900000000002	0.130706	-0.000441516	0.00042839099999999997	0.000285489
791.0152285388288	853.4895991167946	1223.8729880642688	4.983626	140.585709	0.99926425	0.19248011690000005	0.0134009078	-0.0755161243	-0.0878191636	0.0297960681	-0.0291628776	0.0858375618	-0.0360759461	-0.1625934429	-0.458652378	0.3661258904	0.0371486647	0.0292236292	-0.0934544907	-0.0792851412	0.0509831871	-0.113674	-0.472077	0.195129	0.000717414	-0.000389697	-0.00163761
801.6592912663903	859.3393283357565	1226.4987770257374	5.892029	166.211304	2.69384705	0.0835756607	-0.0057879864	-0.0106463559	-0.12855878210000002	-0.0723632158	0.0364859793	0.0155649223	-0.0508632564	-0.0498580985	-0.0515080553	0.1627510291	0.0146545851	0.027252848	-0.0954947043	-0.0749575099	0.05804945860000001	0.10460599999999999	1.4684700000000002	0.42795500000000003	-0.00110058	0.0020039999999999997	0.00019458
810.0987818106431	862.1333314917889	1239.0178886840288	4.910026	138.50946000000002	2.5755359	-0.116153245	0.1313428258	-0.0628903545	0.074041521	-0.015714184699999998	-0.003217292	-0.0239931125	0.047513151600000005	-0.0347343491	-0.008759984200000001	0.0045537997	-0.1594337821	0.0252725372	-0.0974013599	-0.07039403450000001	0.06479109400000001	0.05409119999999999	-0.331241	-0.016756599999999996	0.00210643	-0.00035008	0.0001437
794.6468105907293	860.6876818977645	1232.5454555443996	3.075369	86.75468399999998	0.6458125499999999	0.0119832089	0.0583348793	0.0987978623	0.093273614	0.0266241178	-0.0195650541	0.0065003074	0.036012528700000004	-0.0269769459	0.1262135444	-0.006349058	-0.0894877442	0.023283389100000003	-0.0991717909	-0.06560907349999999	0.07117039139999999	0.0355024	0.167273	-0.0144994	0.000275166	-0.00047845699999999995	0.00071311
800.2850802083267	858.25440729464	1233.9783295601642	2.317765	65.383041	0.20977027000000004	-0.049216233	0.0614157202	0.0405167058	-0.0326002007	-0.0267837883	0.0011891683	0.0290117795	0.0292345888	-0.004287748	0.0683630108	0.0087091522	-0.08464885859999999	0.0212860992	-0.1008035212	-0.0606176821	0.077151675	0.00164748	0.255813	-0.0795789	0.00053048	-0.00028785400000000004	0.00071311
802.8806519864107	859.5593746526016	1235.6941388379555	1.3287719999999998	37.48402	0.12589272999999998	-0.0326703468	0.0389813236	0.0066485104	0.1405379839	0.0473520819	0.0369961532	0.0106221124	0.0315707641	-0.0029907459000000003	0.1070544949	-0.0156029087	-0.1139480778	0.019281366100000003	-0.1022942687	-0.055435565	0.0827014951	-0.012037799999999998	0.186651	-0.07956259999999997	0.00036328	-0.000573105	0.00030497799999999997
801.8440871032401	859.3065417384779	1239.261850948337	1.146901	32.353516	0.10105449999999996	-0.0139587758	0.0321490987	0.1410956153	0.0835748796	-0.0372154309	0.0378900372	0.0127915647	0.0356672109	-0.0084238408	0.0721857362	-0.036014928700000004	-0.1027988661	0.0172698908	-0.1036419483	-0.0500790271	0.087788815	0.0206071	0.206733	-0.102016	0.00029869099999999996	-0.001026	0.00030497799999999997
806.258001110304	860.6223746431621	1238.9211813069414	1.162989	32.807365000000004	0.06081687999999999	-0.0764138874	0.0538891984	-0.0711885226	0.1353591345	0.0345573081	0.043453189	-0.0027366717	0.0513790471	-0.010609891000000002	0.09726507	-0.0155443636	-0.1093057228	0.0152523765	-0.1048446753	-0.044564922	0.0923851842	-0.00166053	0.202939	-0.11789100000000001	0.00029869099999999996	-0.000648395	0.00030497799999999997
804.6384308739023	860.750937615573	1237.9993343276738	1.039466	29.322838	0.03307163000000001	-0.0473904192	0.0645352006	0.1030244817	0.1041811067	-0.0151130682	-0.0055059544	-0.007136203900000001	0.0310611538	-0.0075229286	0.0755081917	-0.0204471644	-0.1168200787	0.0132295288	-0.1059007676	-0.0389105992	0.0964648979	0.018022	0.202557	-0.11070899999999999	0.00029869099999999996	-0.0005973490000000001	0.00023952200000000002
802.9144831570226	860.1678452690712	1235.2194689046448	1.010618	28.509056	0.08097177	-0.08868720029999999	0.06616278839999999	0.0083765623	0.0010331774	-0.0456501995	-0.0561266	-0.0047699495000000005	0.0256558516	0.0194289044	0.0632614907	-0.0419973939	-0.1007542065	0.011202055	-0.1068087481	-0.033133849300000004	0.1000051409	0.00668118	0.173255	-0.079915	0.000230555	-0.000540242	0.00030497799999999997
807.056416736742	858.7729522149817	1241.160436279528	1.167486	32.934231	0.10067376	-0.0335855944	-0.018772287	0.05826230950000001	0.0726742482	-0.0267462367	0.0609242132	0.0133785205	0.0158189064	-0.0068704725	0.0376341483	-0.0641384767	-0.077995176	0.0091706641	-0.1075673469	-0.027252848	0.1029861145	-0.00214233	0.203076	-0.125994	0.00036931800000000004	-0.00036	0.00030497799999999997
806.7377382017661	860.7187208896263	1237.039039718627	1.289561	36.377888	0.10851513	-0.1315743047	0.0828452829	-0.058867558	0.0338737277	-0.070756246	-0.0259286728	-0.0103588117	0.0350596946	0.0054726041	0.0724646316	-0.0409134547	-0.127866749	0.0071360664	-0.108175503	-0.0212860992	0.105391148	0.0252168	0.179641	-0.150032	0.0006688810000000001	-0.0007340969999999999	0.00030497799999999997
802.5026302505258	860.4473861529361	1234.5419029676275	1.45175	40.953182	0.4108892	0.0286886852	-0.0060323878	-0.1125384193	-0.0114455241	0.1535791822	0.0030416635	-0.00901785	-0.008088231500000001	0.0079848117	0.0293923578	0.0297745288	0.1078310497	0.0050989734	-0.1086323659	-0.0152523765	0.1072067914	0.030154000000000004	0.203231	0.17136300000000002	0.000348147	-0.00026944	-0.000128971
792.669739164551	860.0896209309523	1233.8935729355544	1.100376	31.041077	0.040432015000000016	0.0701940154	-0.0275926946	0.1012960894	-0.06412194759999999	0.0188228966	-0.0449543295	0.0014776022	-0.013546325	0.0317565062	0.0462090287	-0.00033415089999999995	0.0613904551	0.0030600974	-0.1089372966	-0.0091706641	0.108422891	0.019706099999999997	0.199285	0.160207	0.00040107900000000004	-0.000178974	2.52733e-05
799.3782939140604	861.3301548370198	1237.2081767277855	1.2764209999999998	36.007236	0.23772643500000004	-0.0286322581	-0.0199363446	-0.0730459013	-0.0786683172	0.0137137242	0.0056706761	-0.0124623465	0.0080216863	0.0330790983	0.0709073611	0.0493583195	0.014212302	0.0010201514	-0.1090898686	-0.0030600974	0.1090326458	0.010215	0.258348	0.130176	0.00208372	0.00032748900000000004	0.000618996
800.9503895897348	860.6276554508348	1239.9436129881415	1.043662	29.441206	0.20337875	0.0542591676	-0.07335040150000001	-0.008146556899999999	0.0577536955	0.0437874151	0.0524236238	-0.002006613	0.003678566	-0.0005213237	0.0431276032	0.0136398372	0.0509761133	-0.0010201514	-0.1090898686	0.0030600974	0.1090326458	0.0368659	0.16556300000000002	0.0797756	0.00195092	0.0007253649999999997	0.0007591689999999998
800.0886375750367	860.9861425098387	1238.4361298842439	1.051763	29.669736999999998	0.12155025	0.0647699503	-0.0495644094	0.0559920321	0.006568405699999999	0.0101437645	0.0238513155	-0.0067763001	-0.0036715695	-0.0165323317	0.0765668536	0.0698352505	0.011863648	-0.0030600974	-0.1089372966	0.0091706641	0.108422891	0.045025800000000005	0.23807199999999998	0.081581	0.00147558	0.0009263470000000002	0.000653972
801.004297618972	861.3580025494246	1237.5515470887449	0.995051	28.069914	0.1469243	0.0164479472	-0.0216043158	0.0558889422	-0.0933022601	-0.022616167000000003	-0.023020557200000003	-0.0151937997	0.0217669276	0.0168295065	0.0732827905	0.0519034658	0.0065866248	-0.0050989734	-0.1086323659	0.0152523765	0.1072067914	0.0632296	0.241263	0.105028	0.0008377110000000001	0.00181884	0.0011652600000000006
801.9479099743636	861.4554125557074	1237.2415184379024	1.145	32.2999	0.273549085	-0.0166739387	-0.0082996631	-0.14019434949999998	-0.0159712168	0.0458515237	-0.014150496	-0.015959818400000002	0.0090995501	0.026583704500000003	0.06767772080000001	0.0460952205	0.0352192352	-0.0071360664	-0.108175503	0.0212860992	0.105391148	0.0109234	0.241275	0.104922	0.00020339599999999998	-0.0007889569999999999	-1.51257e-05
799.964072314063	860.5569534142934	1234.9858566623732	0.941911	26.570868	0.161615515	0.0429629569	-0.0152234287	0.025843065	-0.02990998	0.060722816	-0.01350881	-0.0045400398	-0.0006486542	0.0065443076	0.0621689381	0.0437284138	0.0663555741	-0.0091706641	-0.1075673469	0.027252848	0.1029861145	0.0333434	0.274607	0.184692	0.00014396	-0.000998538	-0.000267979
798.0640915881313	858.8829373819823	1235.999328357543	0.9736469999999999	27.466106	0.1299492	0.0766080735	-0.0520783034	0.0466786981	-0.0453047632	0.0243069555	0.0091439125	0.0175635825	-0.0188207158	0.008362949	0.06842688400000001	0.027224328	0.0729854233	-0.011202055	-0.1068087481	0.033133849300000004	0.1000051409	0.0100966	0.24123499999999998	0.126669	0.000263888	-0.00110932	-0.000343417
799.6805560121492	859.6474767604683	1234.3712473167689	0.926444	26.134548000000002	0.0542101	0.0108121842	-0.0091817886	0.0362571791	-0.0947366722	-0.0247674261	-0.0722216361	0.0049734504	-0.0107911513	0.0341689111	0.05929101	0.014348068899999997	0.0376521339	-0.0132295288	-0.1059007676	0.0389105992	0.0964648979	0.0370652	0.236535	0.11498699999999999	0.000481078	-0.00110932	-0.000343417
801.4692821016098	861.1991224221721	1235.0856026910058	0.917586	25.884665	0.09966425	-0.0629988663	0.027254459	-0.0812522838	-0.0730084966	0.0060963902	-0.07558687530000001	-0.0142846047	0.00034338379999999995	0.0433155798	0.07015176969999999	0.0151469839	-0.0137557893	-0.0152523765	-0.1048446753	0.044564922	0.0923851842	0.033441900000000004	0.214484	0.10073700000000001	0.00117202	-0.00110932	0.00016044
800.3799184079107	861.5014581593015	1234.9470834139238	0.8998959999999999	25.38563	0.07059239	0.0304324325	-0.0301405763	0.0202826408	0.0248064894	0.0701612732	0.0088693548	-0.0169609882	-0.002669157	0.0285079984	0.0565009793	0.0123181099	0.0511324596	-0.0172698908	-0.1036419483	0.0500790271	0.087788815	0.00965001	0.215283	0.13425299999999998	0.00108888	-0.00118047	0.00025586
798.5581376009343	860.6402306115524	1238.084383735458	0.980619	27.662794	0.104895015	0.0687858429	-0.0556712154	0.0665604308	-0.0395405446	0.045172221100000014	0.0142107525	-0.003606761	0.0068575002	0.0123745072	0.0449868458	0.015364068	0.1064693533	-0.019281366100000003	-0.1022942687	0.055435565	0.0827014951	0.012289399999999999	0.222948	0.150876	0.000304946	-0.00178618	8.615149999999999e-05
801.7482506068187	859.1470537484716	1238.354487159192	1.244765	35.114231	0.34342018	-0.0337012885	-0.0133128775	0.0101292104	-0.07953195099999999	-0.0276970455	-0.07331931480000001	0.0073061503	0.006006013	0.026509764	0.0048534753	-0.0511999169	0.0069054448	-0.0212860992	-0.1008035212	0.0606176821	0.077151675	0.0473536	0.219207	0.00555147	0.0008141989999999999	0.000849991	4.5766499999999996e-05
798.2979148919006	859.1216754785041	1237.6509633942696	1.031554	29.09964	0.05742013500000001	-0.0035669898	-0.0061564567	0.0042473893	0.0909223749	0.0851767108	-0.0314929433	0.0066572404	-0.006860726700000001	0.0405446844	-0.029376393	-0.0770034267	0.014934719	-0.023283389100000003	-0.0991717909	0.06560907349999999	0.07117039139999999	0.045487400000000004	0.173626	0.007344479999999999	0.000711996	0.000849991	0.000107162
799.7993533358383	859.3074155411864	1239.5000560556425	1.073799	30.291363	0.06387854000000001	-0.0022939903	0.005667005300000001	0.1068065879	0.0259343365	0.0022590865	-0.0782271905	0.0004635918	-0.0068889597	0.0325432253	-0.08596441960000001	-0.1221428793	-0.0004774812000000001	-0.0252725372	-0.0974013599	0.07039403450000001	0.06479109400000001	0.055135199999999995	0.147006	0.00372053	0.000427417	0.000849991	-8.79948e-05
802.7776055683835	860.2705360830272	1236.6244683204131	1.03977	29.331425	0.062245100000000005	-0.0839339843	0.013395455	0.0151857003	-0.053934262	-0.0178299101	-0.0646428818	-0.016644782	-0.0115735642	0.0486030943	-0.1628932115	-0.1453918814	-0.0059156472	-0.027252848	-0.0954947043	0.0749575099	0.05804945860000001	0.0476673	0.116977	-0.00663344	0.00058391	0.000849991	4.3396800000000004e-05
803.7999724520844	859.9840807603384	1234.4341546549374	0.8296819999999999	23.404934	0.166627055	-0.1001116875	0.0293717079	-0.0951711338	-0.0266362591	0.0356942831	-0.061823306900000013	-0.0125261907	-0.0164034065	0.047145805599999986	-0.14759796320000002	-0.1353480981	0.0077592123	-0.0292236292	-0.0934544907	0.0792851412	0.0509831871	0.0844904	0.154779	0.0318559	-3.35281e-05	0.00108755	0.000258652
797.9569410608823	858.7086707287763	1234.3196435981731	0.900792	25.410921	0.10622388	-0.0010415213	0.0020487756	0.0324879472	0.0673662872	0.1227777427	-0.041879031	0.0073013092000000016	-0.0279282006	0.0334949097	-0.1664173226	-0.1445317961	0.0484058218	-0.0311841915	-0.0912835726	0.0833633121	0.043631796900000006	0.027392000000000003	0.119867	0.0305637	2.45455e-05	0.000988449	0.000157401
802.467911704947	858.5165860986021	1239.821051762221	1.2376690000000001	34.91404	0.15641049999999998	0.0130239725	-0.0522867242	0.1080699707	0.0416508673	0.0232118762	0.005661723100000001	0.0081492356	-0.034890746800000004	0.0182163025	-0.1695493997	-0.1392235033	0.062906516	-0.033133849300000004	-0.0889849861	0.08717919119999999	0.0360364	0.0707297	0.180615	0.00825326	5.2569700000000006e-05	0.000849991	0.0005912059999999999
804.3417148693562	860.276956633363	1240.446604905085	1.16353	32.822632	0.17779982500000002	-0.06703708400000001	-0.0331681555	0.0088235966	-0.0119201825	-0.0766953154	-0.0152117144	-0.0132407499	-0.023258584900000004	0.0365459372	-0.162770151	-0.1378018044	0.0063546286	-0.035071921	-0.0865619461	0.0907207723	0.028239473	0.0563478	0.08684419999999997	-0.030103700000000004	0.000504904	0.000919253	0.000486999
803.0953967283925	860.9838250330902	1241.0856725909334	1.1303550000000002	31.886782	0.16482789999999994	-0.0513694451	-0.0002296993	-0.0640016195	0.1020549357	0.0251869768	-0.0341817381	-0.0187533165	-0.0080038508	0.034069332599999995	-0.1240215341	-0.1220668503	-0.0002928667	-0.0369977288	-0.0840178413	0.0939769123	0.0202846193	0.08953759999999998	0.148591	-0.0272127	0.00132035	0.000633711	0.0007260169999999999
801.7750936995662	860.4128899416628	1239.3560724047313	1.172981	33.089233	0.18972779999999997	-0.0275930938	-0.0050545814	0.1379490663	0.0628646082	-0.03906254	-0.0285546188	-0.0112808238	0.0053883796	0.043046054900000005	-0.1578589075	-0.1147785002	0.0009650737	-0.0389105992	-0.08135623	0.0969373661	0.0122163259	0.09830900000000001	0.16899999999999998	-0.05407909999999999	0.00243976	0.000120414	0.00176693
805.7021716154331	861.4472823913768	1242.4164610489606	1.8155139999999999	51.214779	0.6296526499999999	0.0375265402	-0.0919270887	-0.0180787238	-0.08998791980000001	0.01141772	0.0708638422	-0.0218035092	-0.0102889507	0.0001484552	-0.1405433381	-0.0582318279	0.1686713298	-0.0408098635	-0.07858083469999999	0.0995928192	0.0040797138	0.020003999999999997	0.127107	0.16406300000000001	-0.000516663	0.000650334	-0.000572978
797.6372642290686	858.3422814539741	1237.0544696655575	1.047393	29.54645	0.19900415	0.0332102839	-0.0339316494	-0.0286877423	-0.1156348307	0.0063406799	-0.0441944136	0.0176004003	-0.0203211118	0.0175562205	-0.1191582567	-0.0934528706	0.1502601639	-0.0426948575	-0.07569553700000001	0.1019349164	-0.0040797138	0.08801109999999998	0.17106400000000002	0.140074	-0.00140903	0.000400334	-0.00045432400000000004
799.9449937522752	859.2604581434617	1237.4491372804816	0.9758129999999999	27.527222	0.191631	-0.0031168758	-0.0243856836	-0.1101545833	-0.0012127166	0.095123939	0.0104344208	0.0117307499	0.0193175885	0.051429869800000014	-0.0393879708	-0.0378173169	0.08906349849999999	-0.044564922	-0.07270437219999999	0.1039562886	-0.0122163259	0.024730900000000004	0.225044	0.182158	-0.0009408519999999999	0.000563777	-0.000468439
795.748153846481	859.2226566784651	1239.4374620228332	0.8306889999999999	23.433332	0.11397395	0.023303505	-0.0093278266	0.0522578517	0.022689319	0.048441309	-0.0363711685	0.014658653999999997	0.0006537827999999999	0.0392422605	-0.0421835616	-0.0429383394	0.0541714186	-0.0464194031	-0.0696115238	0.1056505759	-0.0202846193	0.0522671	0.23780199999999999	0.12403	-0.00077422	0.0005312769999999999	-0.00035653599999999996
800.7743565806827	861.4022245647574	1240.841808833114	0.9374650000000002	26.445452000000003	0.13577699999999998	0.040089828	-0.0399866335	0.081290171	-0.0568708792	-0.0183850123	0.0263919022	-0.0116695529	-0.0143517247	0.024087591	-0.0294254311	-0.0364005471	0.0749837292	-0.0482576524	-0.0664213173	0.1070124473	-0.028239473	0.046648800000000004	0.185401	0.15832099999999996	-0.00116143	0.000761635	-0.000608302
801.2486585004729	862.0952260954155	1239.166983727184	1.264425	35.668822999999996	0.30373915	-0.07928017799999999	0.0186217027	-0.0041558412	-0.1246749669	-0.0445248394	-0.0074185173	-0.0215337958	0.005186053	0.0384727444	-0.0121395732	-0.0424187954	0.0079395929	-0.0500790271	-0.0631382147	0.1080376181	-0.0360364	0.0476253	0.208481	0.0864695	0.000733287	-0.000621202	0.000270767
804.6923389031392	861.5674872509238	1240.6667012362266	1.976851	55.766026000000004	0.4545495499999999	0.1907322561	-0.15260003460000002	-0.1176701704	-0.0305360848	0.0040283376	0.0959894322	-0.0060855671	-0.0309461486	-0.1218262173	0.029890187	0.0813195667	0.2244756551	-0.0518828902	-0.0597668075	0.1087228625	-0.043631796900000006	0.048195499999999995	0.126372	0.30503600000000003	-0.00143457	-0.0009683510000000002	-0.000280304
791.0059111016766	858.4338407812526	1239.1270721815324	1.608911	45.3866	0.5959803499999999	0.14768395869999998	-0.0653390859	0.0581802622	-0.0381101093	-0.067202905	0.0231240218	0.0381304242	0.0152956992	-0.0405010278	0.0511886738	0.0828269931	0.069206615	-0.0536686109	-0.05631181110000001	0.1090660245	-0.0509831871	0.08076010000000002	0.313576	0.24950300000000003	0.0013918400000000005	0.00118594	0.00115257
803.4241691536165	862.4981631182848	1240.1565799121672	2.1292869999999997	60.066151	0.4050887500000001	-0.1385701563	0.0889743601	0.0976186059	-0.034856345899999995	-0.128588074	0.0448030389	-0.0220482659	0.0543359863	0.07043408849999999	0.0210651466	0.0274563754	-0.15803313130000002	-0.055435565	-0.0527780575	0.1090660245	-0.05804945860000001	0.021016800000000002	0.262965	0.0665656	0.0030449	0.0006917189999999999	0.00124123
795.4435623891043	864.6702466944217	1245.967982523416	2.826334	79.729523	0.85223955	0.1094183801	-0.0559560875	-0.2000913618	0.059475635	0.0555430372	0.1295355866	-0.0281011805	0.0096918887	-0.1531704303	0.08521555300000001	0.0812482646	0.1337879249	-0.0571831344	-0.049170489000000005	0.1087228625	-0.06479109400000001	0.11156500000000001	0.10607899999999999	0.158228	-0.00212861	-0.00184924	-0.00130716
798.1496123505631	860.7589538056378	1237.5272775526034	2.12566	59.96385600000001	0.9428609	-0.083183171	0.1464655215	0.0232026601	0.1679116423	0.0019967876	-0.055141539	0.0087553338	0.0940533044	-0.0298210666	0.0802544885	0.031387376	-0.1834703661	-0.0589107081	-0.0454941512	0.1080376181	-0.07117039139999999	-0.120117	0.378193	-0.0794169	-0.00189868	0.00192571	-0.00128364
792.8119410029911	860.8391916891278	1231.7728185325234	1.9854450000000001	56.00845	1.0462285	0.0570956017	-0.0029902661	-0.17632926	0.0016348943	0.0270066625	0.0398807849	0.0093330368	0.0097569047	-0.0476706189	0.0758573318	0.116161421	0.0399334049	-0.0606176821	-0.0417541856	0.1070124473	-0.077151675	0.07684830000000001	0.183031	0.20957199999999998	0.00136779	-0.00033200199999999997	0.000494424
793.9067398683626	861.0431296429997	1235.819028647816	1.447681	40.838398	0.23256039999999997	0.0976463071	-0.0623787938	0.0571161793	-0.0198991989	-0.0319022362	0.0442795254	0.0117638884	0.017144169299999998	-0.0320228454	0.0540933876	0.0811712683	0.0159747971	-0.0623034593	-0.0379558231	0.1056505759	-0.0827014951	-0.0363724	0.266546	0.22577399999999997	0.00140178	-0.00019547599999999998	0.000716362
795.225379069126	859.8633820123036	1237.9780104091722	1.421119	40.089085	0.29432135	0.0767888307	-0.054911045599999986	0.0776611546	-0.0409901268	-0.07080563200000001	0.0922865227	0.0251563514	-0.0195499417	-0.0262238606	0.0476167458	0.1023238555	0.0230855225	-0.0639674504	-0.0341043759	0.1039562886	-0.087788815	-0.012921799999999999	0.390289	0.12409200000000001	0.00109696	0.000143898	0.00045164099999999997
801.620357689719	861.3312185968389	1240.0434807817394	1.487854	41.971661	0.34382035	-0.0177228117	-0.0278162946	-0.0942092026	0.0144127209	-0.0357100788	0.0828017084	-8.57228e-05	0.0186392195	-0.0188989181	0.058714083499999986	0.0553586026	-0.0459211216	-0.06560907349999999	-0.0302052306	0.1019349164	-0.0923851842	0.0275955	0.134452	0.127622	0.00192427	0.00010753600000000001	0.00043659199999999997
796.1134195672174	861.3289011200902	1238.6965659906336	1.155935	32.608383	0.2536142	0.017642553999999998	0.0004654606	-0.0053807114	0.0817469537	0.037443024	0.0791794897	0.006220457800000001	0.0107679543	-0.0149952751	0.07688487299999999	0.07812819900000001	-0.0422767631	-0.0672277545	-0.0262638406	0.0995928192	-0.0964648979	-0.015675	0.24197399999999997	0.15579499999999996	0.00127231	0.000218235	-0.00029372299999999997
796.2968843416171	861.9784404638579	1239.6488925192648	0.941119	26.548515000000002	0.18801807500000006	0.0651500852	-0.0314326425	0.0884473481	-0.0016889571	-0.0293390419	0.0402954343	0.0008417855	-0.0095823137	-0.030387819	0.0771671988	0.1107414907	-0.0143140723	-0.0688229275	-0.0222857183	0.0969373661	-0.1000051409	0.0530057	0.28171799999999997	0.195867	0.0009313980000000001	1.61972e-05	-4.6245299999999996e-05
803.2738700186035	862.1454887468633	1239.7539236946427	0.981714	27.693673999999998	0.13380369500000008	-0.0380639758	-0.007446245799999998	-0.0561888056	-0.06843370730000001	-0.0950418107	0.049817801	-0.0074244211	0.0168884108	-0.0292588513	0.0677459762	0.1010183687	-0.049663823	-0.07039403450000001	-0.0182764273	0.0939769123	-0.1029861145	0.00777198	0.25861300000000004	0.174536	0.00141766	0.00033234800000000005	-0.000126512
804.675367856898	862.4682258776642	1243.161023711571	1.339439	37.784931	0.16065066999999994	-0.0469000239	0.0069174656000000005	-0.1507211598	0.0471974162	-0.0391484305	0.0350730033	-0.007376733199999998	0.016583695500000002	-0.0352497637	0.07549880070000001	0.099718703	-0.0751180952	-0.0719405264	-0.0142415751	0.0907207723	-0.105391148	0.0282459	0.24470799999999998	0.123926	0.00204738	0.0008805519999999999	0.00020879900000000002
812.9976139836538	864.0922831899045	1247.0335491014796	2.065611	58.269886	0.55999142	-0.1594716325	0.0940923983	0.1748146738	0.07943006059999999	-0.16900597399999998	-0.0357537724	-0.0366811691	0.0028265671000000003	-0.0210075328	-0.0250870774	-0.0310042788	-0.2503445772	-0.0734618621	-0.0101868048	0.08717919119999999	-0.1072067914	-0.0631831	0.18340499999999998	-0.149793	0.0041402	0.00131163	6.18886e-05
803.2824110026596	864.6075228565227	1247.1446206400155	2.41914	68.242775	0.778497035	0.0268131906	-0.0284037944	-0.0305519399	0.1239841954	0.0496162844	0.12740820460000002	-0.0347399678	-0.0194406238	-0.0148851395	0.00608777	0.0138662942	0.0075355058	-0.0749575099	-0.0061177874	0.0833633121	-0.108422891	0.0852075	0.215748	0.10153999999999999	-0.00141074	3.03087e-05	0.000158236
800.5722569319789	864.6691829346028	1245.6684803854025	1.281515	36.150921000000004	0.12865313500000006	-0.0093878523	0.0237696543	0.0553349942	0.0118003391	-0.0715572728	0.0126700799	-0.0380587082	-0.0099174199	-0.008919795500000001	-0.0066338101	0.0120870521	-0.0240637587	-0.0764269467	-0.0020402136	0.0792851412	-0.1090326458	0.041283999999999994	0.193925	0.13205699999999998	-0.00128837	-0.00037517	0.00027818
806.6578744547479	864.4776301843382	1240.2276044586301	1.089405	30.731583	0.13740334	-0.0946208998	0.0414158615	-0.1111966151	-0.0324267536	-0.0516487287	-0.011784563799999998	-0.0391482141	0.005833494399999999	-0.0034040587	-0.0060577075	0.0096529959	-0.049162112800000005	-0.0778696586	0.0020402136	0.0749575099	-0.1090326458	0.015575899999999998	0.235165	0.0983188	-0.00145674	5.9694799999999996e-05	0.00040928599999999997
803.6016441469898	863.0871441352133	1238.1938641205734	1.126508	31.778254999999998	0.07285388999999998	-0.06015090820000001	0.0965298479	-0.0594727124	0.0705138416	0.0851026584	-0.0308254916	-0.0231579548	-0.0027115597	0.0034895163	-0.006081046600000001	0.0142707563	-0.0379030465	-0.0792851412	0.0061177874	0.07039403450000001	-0.108422891	0.029932999999999998	0.25866500000000003	0.112507	-0.00155622	-0.000102151	0.00025444
797.3183638503508	862.0229664105675	1235.7051277840226	1.055814	29.784014000000003	0.21670509999999998	-0.0076923351	0.0686546086	0.0859015347	-0.0508723106	0.0092419521	-0.0710524364	-0.0041530974	-0.0246853955	-0.0044233628	0.0094840048	0.0455652267	-0.0282468484	-0.0806728995	0.0101868048	0.06560907349999999	-0.1072067914	0.017977700000000003	0.21802600000000003	0.11489500000000001	0.0007656269999999997	-0.00037517	-0.00038515
796.4428575236667	860.2233127453477	1233.3480973590893	0.837723	23.63176	0.07813559999999999	-0.0176606239	0.0634159532	0.0516555754	-0.0811651384	0.0109223685	-0.0786109624	0.016689846499999998	-0.0237945066	0.0006709498	0.0043367979	0.0395322145	-0.0297435923	-0.0820324483	0.0142415751	0.0606176821	-0.105391148	0.022774400000000004	0.266856	0.11596300000000001	0.00029680900000000004	-0.00037517	-0.00038515
796.3460227304073	858.6855719441353	1233.1110223401124	0.884391	24.94824	0.05585425	-0.023682762000000003	0.0587525485	0.0434186844	-0.0932716597	-0.0101778397	-0.0900848294	0.034469483700000005	-0.0253080688	0.0094962005	0.0050602383	0.0042075553000000005	-0.0259665709	-0.0833633121	0.0182764273	0.055435565	-0.1029861145	0.0223495	0.24138800000000002	0.0963357	0.00047505599999999996	-0.000403604	-0.00038515
797.2084402763305	859.566972937023	1234.6960273142868	1.495018	42.173756	0.08345860000000001	-0.0575645158	0.0497981309	-0.0585343504	-0.029510903	-0.0040093132	-0.0724651078	0.0207150254	-0.0088886169	0.025565393	-0.0423968646	-0.0533385741	-0.0809898488	-0.0846650256	0.0222857183	0.0500790271	-0.1000051409	0.0282189	0.19156700000000002	0.114496	0.0006178819999999999	-0.000354272	-0.00038515
797.0949672024425	860.8372161351787	1233.8726457792986	0.8296099999999998	23.402903	0.10961500000000003	-0.030009578	0.0679803398	-0.0433257765	0.0683349768	0.1088958495	-0.0491262207	0.0085279289	-0.0110928233	0.0284134819	-0.0218818353	-0.0355551624	-0.0761148726	-0.08593713359999999	0.0262638406	0.044564922	-0.0964648979	0.0177583	0.206798	0.136575	0.000288737	-0.0008534939999999999	-0.000793671
798.8534116211589	860.8958368994901	1235.0999764294747	0.8006300000000001	22.585392000000002	0.106137955	0.0129152022	0.0287459252	0.1050678768	0.07050034820000001	0.0548218593	-0.0291471449	0.0080424449	-0.0127490673	0.0244961403	-0.0185609342	-0.0383114521	-0.0559238987	-0.08717919119999999	0.0302052306	0.0389105992	-0.0923851842	0.04983169999999999	0.179403	0.15695	7.20319e-05	-0.0008534939999999999	-0.000484485
799.2056994830049	859.9297910181473	1235.4496813049125	0.761343	21.477125	0.08160242849999999	0.0235697781	0.0082959092	0.0799342442	0.0122548427	0.0191796908	0.0051368241	0.0215522402	-0.0140712044	0.0174960518	-0.035882623100000004	-0.0477586332	-0.0201208709	-0.0883907642	0.0341043759	0.033133849300000004	-0.087788815	-0.00365909	0.19023199999999998	0.15698299999999998	-4.86287e-06	-0.0006697060000000001	-0.000568795
799.3154012132837	858.6794553251758	1235.1042382032545	1.006433	28.390995	0.1187536965	0.0617333404	-0.0192785779	0.0762388352	0.0077441444999999986	-0.0050984568	0.0114219686	0.034217238399999995	-0.02976365	-0.0126264857	-0.0989383592	-0.0636914889	-0.0073564331	-0.0895714288	0.0379558231	0.027252848	-0.0827014951	0.0359466	0.19183499999999998	0.135658	-0.000458334	-0.000172084	-0.00039548800000000005
800.6836224903208	859.2628516030546	1236.8747199503925	0.8997229999999999	25.380745	0.07138589999999999	-0.0024470139	-0.0168755118	-0.0148223596	-0.0035031086	-0.0228348336	9.13682e-05	0.0286686384	-0.0245575977	0.0110910031	-0.046854596500000005	-0.051715612300000005	-0.0398263593	-0.0907207723	0.0417541856	0.0212860992	-0.077151675	0.029935900000000005	0.211943	0.1466	-0.00052021	-0.000753843	-0.00043835699999999995
798.7323958600525	860.2061026311328	1240.9403276350756	0.974849	27.500032	0.06834109999999999	0.0479333775	-0.0414107331	0.0246740558	0.1093350433	0.0225858463	0.06234533110000001	0.021860242400000004	-0.015904050700000002	-0.0040199773	-0.0413922816	-0.0361803372	-0.0289929675	-0.0918383927	0.0454941512	0.0152523765	-0.07117039139999999	0.0360014	0.165082	0.13884800000000005	-0.000413709	-0.000753843	-0.00048510800000000005
796.4714753663478	861.2562235295993	1241.3838585728074	0.9385469999999999	26.475956	0.0905215	0.0619034395	-0.0203688299	0.0744350522	0.0270318528	-0.0679065002	0.0098164648	0.0138385146	-0.034085960400000004	-0.0107606705	-0.0114610726	-0.042550229400000014	-0.0312480004	-0.0929238992	0.049170489000000005	0.0091706641	-0.06479109400000001	0.029302699999999997	0.18947999999999998	0.113221	-0.0006575639999999999	-0.0008773810000000001	-0.000793671
800.931532871689	862.3112833129393	1240.2292229749644	1.568439	44.2449	0.16814690999999998	-0.0161754009	0.0259114115	-0.0473238513	-0.080107414	-0.0497216658	-0.0537312199	0.0015318313	-0.0112734675	-0.0110263552	0.0616901812	0.0521007145	-0.0293444751	-0.0939769123	0.0527780575	0.0030600974	-0.05804945860000001	0.0453524	0.280622	0.10790999999999999	-2.99038e-05	-0.0009241680000000001	-0.000355234
801.2973532017796	861.431857874001	1236.9677018668044	0.904702	25.521202	0.15649492499999998	-0.0388117864	0.0305385115	-0.077883307	-0.1052565201	-0.0430692939	-0.0636147259	0.0076224838	0.007300669	-0.0058176103000000005	0.0343428952	0.019362053	-0.0140721315	-0.0949970637	0.05631181110000001	-0.0030600974	-0.0509831871	0.0137341	0.189607	0.118899	9.726770000000001e-05	-0.00107287	-0.00017365499999999996
801.241448578867	860.6564909402142	1234.0066351260484	0.809906	22.847065	0.166346085	-0.0463099063	0.0458864172	-0.1250325879	-0.056257735	0.0299279822	-0.0434983123	0.016824867099999998	0.011183346	0.0010290056	0.0456631793	0.0139462405	-0.0021606086	-0.0959839967	0.0597668075	-0.0091706641	-0.043631796900000006	0.0190046	0.269629	0.16309300000000002	-0.00042757	-0.00117843	-0.000280449
796.6623719060951	858.3341512896433	1233.522363546386	0.8483199999999999	23.930695	0.10947021999999997	0.0003922089	0.0321091437	-0.1045235705	-0.0103617724	0.0608679091	-0.0636741681	0.048364342000000005	-0.0145644685	0.0029021456	0.016844691499999998	0.002187357	0.026875394500000004	-0.0969373661	0.0631382147	-0.0152523765	-0.0360364	0.00758813	0.227861	0.13297799999999999	-0.00011964000000000005	-0.00124835	-0.000134884
794.2151026693488	859.4619266548965	1233.258634313355	0.8993680000000001	25.370739	0.15821842	0.0201181922	0.0565517171	-0.0568331006	0.075115178	0.1292467779	-0.0784831128	0.0385071205	0.015641618	0.0242489286	0.0619122008	0.0312927248	-0.0053883754	-0.0978568387	0.0664213173	-0.0212860992	-0.028239473	0.0572011	0.288615	0.14875	-0.000102815	-0.0009600310000000001	0.00020156099999999998
797.4418198926163	860.6165239641575	1236.6675703817805	1.0748870000000001	30.322058000000002	0.13729130000000006	0.0464347125	0.0092950675	0.0954233069	-0.0161812536	0.0295260177	-0.0155965274	0.0277993141	0.0134876856	0.0045424172	0.062184297	0.0638313498	-0.0023305293	-0.0987420929	0.0696115238	-0.027252848	-0.0202846193	0.0073425	0.26518600000000003	0.130119	0.0005263690000000001	-0.00123723	0.00020049
800.0205315463298	863.1155997103715	1241.8622266038792	0.917473	25.881472	0.1893996	0.037931855	-0.0280402633	-0.0242240479	0.07201259089999999	0.0476236395	0.0298753647	0.0002366145	0.0107973909	-0.0181543256	0.0840775951	0.0756715679	0.006162043199999999	-0.0995928192	0.07270437219999999	-0.033133849300000004	-0.0122163259	0.08776929999999998	0.250714	0.132746	0.00115537	-0.0006895569999999999	0.0008612919999999999
805.811096892616	864.4714755739568	1245.5142602685455	0.995751	28.089668	0.226288225	0.0135183424	-0.026865358	0.0808305639	0.0253480594	-0.0488627785	0.0754305231	-0.016326637800000002	0.0185457722	-0.0149611437	0.0528661757	0.058706022699999985	-0.0215215653	-0.10040872	0.07569553700000001	-0.0389105992	-0.0040797138	-0.018166400000000003	0.23295100000000002	0.0665104	0.00112092	-6.31455e-05	0.000927509
800.8760719362598	863.9702167506737	1244.2688741998875	1.189036	33.542133	0.273448675	0.0827662887	-0.0627477514	-0.0496888472	0.040794742200000005	0.031160353	0.0817503027	-0.0119044713	-0.0134830297	-0.0551584537	-0.0164325625	0.0181950148	0.0905992794	-0.10118951	0.07858083469999999	-0.044564922	0.0040797138	0.0290031	0.16825199999999998	0.144479	0.00021785400000000002	-0.000246258	0.00034145599999999996
810.0216911103968	863.6738836582373	1245.6509174993632	1.108006	31.256306	0.21731335	-0.033087389700000004	-0.0431688706	-0.0408114973	-0.0693583834	-0.0728194859	0.0338546187	-0.0091193536	0.0029820458000000003	-0.027201851000000003	0.0166202078	0.0229016572	0.0182207852	-0.1019349164	0.08135623	-0.0500790271	0.0122163259	0.0514069	0.290313	0.10448900000000001	0.000611577	-0.000219907	0.000578553
806.4315938381972	862.8318037872307	1242.809852183969	1.092591	30.821479999999998	0.238762875	-0.0714757731	0.0388688337	-0.1089942501	-0.0110977548	-0.0015515257999999998	-0.0596174016	0.0002850609	0.0143590695	-0.0115910592	0.028594818900000006	0.0019155285	-0.0071472947	-0.1026446782	0.0840178413	-0.055435565	0.0202846193	0.0389495	0.20746799999999999	0.030810900000000002	0.00138631	-4.9119499999999996e-05	0.00102868
797.4696612822017	860.8168527329291	1239.2379330256344	1.018636	28.735231	0.11567982500000006	0.0380505658	0.0121964484	0.0435976283	0.01965347	0.0473294733	-0.0478149957	0.0263370319	0.0028777743	-0.0147233168	0.0196343765	-0.0070066945	0.032124033	-0.1033185475	0.0865619461	-0.0606176821	0.028239473	0.0199422	0.174758	0.07775510000000001	0.00148645	0.000174477	0.00104531
801.742371747663	860.6622656363746	1240.5276839541184	1.009248	28.470402000000004	0.1083638	-0.0064648897	-0.0018038398	0.0241732455	-0.08413476939999999	-0.0446069336	-0.0231428944	0.0269374182	0.0125331741	0.0059963614000000005	0.042733606900000005	0.0117285727	-0.0047031675	-0.1039562886	0.0889849861	-0.06560907349999999	0.0360364	0.0411069	0.22705100000000003	0.0691544	0.0016332	0.000365885	0.00123326
800.7181191921576	861.5981463285643	1243.7061353612867	1.0806209999999998	30.483789	0.26515965	0.0267594161	-0.0298248802	0.006224229	0.08597784289999999	0.0319448639	0.0069918151	0.0163408474	-0.0041612033	0.0070392272	-0.0018404006	-0.0187946395	-0.0149990875	-0.1045576784	0.0912835726	-0.07039403450000001	0.043631796900000006	-0.0103042	0.183317	0.025422099999999996	0.00275994	0.00162308	0.0013749700000000005
801.4141539317934	863.8233039213852	1243.476849195641	1.479933	41.748196	0.49926212	0.0376098279	-0.0134185997	0.078597408	-0.016758102	-0.0047999444	-0.0110669372	-0.0096513617	-0.0110264941	-0.0092093638	0.0421135733	0.0003777049	0.0269665803	-0.1051225066	0.0934544907	-0.0749575099	0.0509831871	0.0797472	0.228762	0.0816287	-5.74774e-05	-0.000762918	0.000427203
802.8605751277855	863.0352478526147	1240.28459183046	1.0627520000000001	29.979709999999997	0.13663046999999998	-0.054750009800000006	0.0372424889	-0.0245971291	-0.1102828333	0.0063879803	-0.0513006525	-0.0025884876	0.0205582434	0.0183251038	0.0381054154	0.0096774611	0.0001197365	-0.1056505759	0.0954947043	-0.0792851412	0.05804945860000001	0.0222157	0.183784	0.0776126	0.000522546	-0.000784992	0.000427203
798.454092886069	862.6065526455568	1240.3722174565514	0.9784930000000001	27.602815999999997	0.1104724	0.0303424596	0.0052522752	0.0532015719	0.0097398644	0.0588105618	-0.0113359981	0.007081535	0.0134930946	0.0059871515	0.0569653935	0.0122027782	0.034015439700000004	-0.1061417014	0.0974013599	-0.0833633121	0.06479109400000001	0.043868199999999996	0.227748	0.0880994	0.000247128	-0.0011272	0.000357447
801.2395629070627	862.7155120441603	1240.4820248284834	0.79894	22.537704	0.044137699999999995	0.0129364532	0.0186395308	0.0970362086	-0.0273010141	0.0072920146	-0.0623466437	0.0042721975	0.0032041661	0.0269550348	0.0488700944	0.0176305983	0.0201266256	-0.1065957114	0.0991717909	-0.08717919119999999	0.07117039139999999	0.049184	0.226692	0.07896079999999997	0.000235315	-0.000784992	0.000575972
801.1747845344812	862.1222000051117	1237.3401658455575	1.0402790000000002	29.345783	0.10577730000000002	0.0033496263	-0.003773957	-0.02462325	-0.1142520968	0.0329883949	-0.0070688018000000016	0.0115290997	0.017711058000000002	0.0148398704	0.0478752429	0.0142999594	0.064443526	-0.1070124473	0.1008035212	-0.0907207723	0.077151675	0.0439046	0.233055	0.13297899999999999	-0.00047142699999999996	-0.000784992	0.0006715639999999999
802.5745076228419	860.3317782554639	1240.6044656575846	1.042987	29.422165000000003	0.059700433	-0.0171919865	-0.0319029251	-0.1200541145	-0.0269245929	0.0328002861	0.023307746	0.0306958098	0.0129541659	0.0252978019	0.035127574700000004	-0.0144627051	0.0487040913	-0.1073917633	0.1022942687	-0.0939769123	0.0827014951	0.039947199999999995	0.23742600000000003	0.110859	-2.2973400000000003e-06	-0.000784992	0.000787475
797.416196940448	860.9438960484558	1237.7163799116074	0.845878	23.861814000000003	0.067584983	0.0153590092	0.0142432928	-0.0901870894	0.0442503441	0.0965389482	-0.0365364238	0.026746511	0.0078073205	0.016831312	0.0274420458	-0.000926648	0.0578251785	-0.1077335267	0.1036419483	-0.0969373661	0.087788815	0.05211849999999999	0.224456	0.112371	-0.00042439199999999994	-0.000515588	0.00091461
798.9696577418184	862.4670861350011	1242.0020921363064	0.9591729999999999	27.057816	0.08664170000000003	0.0744034985	-0.0311764115	0.08785787140000001	-0.000563075	0.0476072841	-0.0035449138	0.0101568109	-0.000606754	0.0190407764	0.0395439238	0.011169375	0.0575148892	-0.1080376181	0.1048446753	-0.0995928192	0.0923851842	0.0454902	0.242071	0.12403199999999999	0.00014096	-0.000784992	0.000734618
800.0576903730673	862.2500791319244	1237.8123512263212	1.0776940000000002	30.401224	0.06336370000000001	0.008369144399999999	0.0013544158	0.0094169128	-0.1259140564	0.006265739300000001	-0.0126278071	0.0110970616	0.0147285238	0.0038436768	0.0374706223	0.0183667848	0.0538347383	-0.108303931	0.1059007676	-0.1019349164	0.0964648979	0.0499457	0.23646	0.109205	-0.00040908599999999997	-0.000784992	0.000953976
798.1270952107789	861.700723168254	1243.561567512172	1.41769	39.992344	0.06767249999999997	0.07007159	-0.0334808643	-0.0250216457	0.0357941961	0.0787712508	-0.007103241999999998	0.0200056327	0.0093430063	0.0230721447	0.0371669811	0.0155672838	0.0732873376	-0.1085323724	0.1068087481	-0.1039562886	0.1000051409	0.0419245	0.251779	0.136944	-0.000111388	-0.000784992	0.000919808
818.8099200166281	866.6747121162218	1251.3536756625044	2.5439689999999997	71.764145	0.9063029999999996	-0.1933294776	0.0709075493	0.1387933424	0.1441553409	-0.1479120615	0.0260189564	-0.0572561932	0.056235067	0.0438988557	-0.1227073787	-0.122529328	-0.1983505882	-0.1087228625	0.1075673469	-0.1056505759	0.1029861145	-0.0838382	0.080319	-0.16156700000000002	0.00285725	-0.00222672	-0.0008812119999999999
810.9695184968808	868.9946203157782	1256.4233846126244	2.8212599999999997	79.586388	0.99361825	0.1078072642	-0.1885846651	-0.0924701637	-0.0285220046	-0.0531909168	0.2112927709	-0.0729200111	-0.0683125004	-0.0279314018	-0.1334640143	0.008067459499999999	0.2094235935	-0.1088753345	0.108175503	-0.1070124473	0.105391148	0.07941589999999997	0.11022	0.332568	-0.000840754	-0.00084298	0.000163607
801.7928411989036	867.7310636079138	1254.1759618103542	2.472248	69.740921	0.5275791999999999	0.0140766049	-0.0546071432	0.0374144691	0.1004691518	-0.15475293880000002	0.0327524162	-0.0505868197	-0.0161836622	-0.0329203112	-0.027469618900000003	-0.0639489005	-0.0285112056	-0.1089897352	0.1086323659	-0.1080376181	0.1072067914	0.047187599999999996	0.111766	-0.0287024	-0.000115664	0.0006980360000000001	0.000548191
807.1836441226164	867.2296528189422	1244.5498749039286	1.948981	54.979808999999996	0.18874435	-0.11459438539999997	0.0312333085	-0.0765631238	0.0264380193	-0.0189560099	0.0402760878	-0.05632932	-0.0091698785	0.0003693182	-0.214531179	-0.06775374049999999	-0.0841677742	-0.1090660245	0.1089372966	-0.1087228625	0.108422891	0.0323621	-0.0209025	-0.0304647	0.000167552	0.000192002	0.00054768
806.6433436896657	866.7865968543277	1243.0221227218453	1.0991050000000002	31.005236	0.34700159999999997	-0.0544226616	0.0217291436	0.0830909077	-0.0084916886	-0.012793679	-0.0192150763	-0.0543216625	-0.001513215	0.0111815819	-0.1825817458	-0.0937335467	-0.0508363537	-0.1091041759	0.1090898686	-0.1090660245	0.1090326458	0.0871455	0.07223339999999999	0.0508685	-0.000627959	0.000820173	0.00147898
